province,district,street,price_unit,price_value,price_absolute,area,type,front,room,toilet,floor,attributes
1,6,Đê La Thành,1,8.99,8990.0,25.0,1,4.5,1,1,5,"Ô tô, Mặt phố, Kinh doanh"
1,6,Thái Thịnh,1,10.8,10800.0,24.0,1,3.0,4,4,5,"Mặt phố, Kinh doanh, Ô tô"
1,6,Chùa Mỹ Quang,1,5.35,5350.0,33.0,1,3.5,6,6,5,Ngõ
1,6,Đông Tác,1,5.95,5950.0,49.0,1,4.0,5,5,5,Ngõ
1,6,Thổ Quan,1,7.9,7900.0,34.0,1,3.5,4,4,4,Ngõ
1,6,Chợ Khâm Thiên,1,6.1,6100.0,44.0,1,4.2,4,2,3,Ngõ
1,6,Kim Hoa,1,4.9,4900.0,20.0,1,2.3,5,6,6,Mặt phố
1,6,Thái Hà,1,12.9,12900.0,32.0,1,6.0,6,6,6,"Ô tô, Thang máy, Kinh doanh, Ngõ"
1,6,Chợ Khâm Thiên,1,6.3,6300.0,36.0,1,3.8,5,2,5,"Kinh doanh, Ô tô, Ngõ"
1,6,Tây Sơn,1,4.2,4200.0,31.0,1,3.5,3,3,4,Ô tô
1,6,Đường Láng,1,8.0,8000.0,56.0,1,4.1,8,4,4,"Kinh doanh, Ngõ"
1,6,Ô Chợ Dừa,1,20.7,20700.0,40.0,1,4.5,4,4,4,"Mặt phố, Kinh doanh"
1,6,Tôn Đức Thắng,1,23.0,23000.0,91.0,1,5.1,4,2,3,"Mặt phố, Kinh doanh"
1,6,Tôn Đức Thắng,1,24.0,24000.0,95.0,1,7.5,3,2,5,"Ô tô, Kinh doanh, Ngõ"
1,6,Khâm Thiên,1,35.0,35000.0,90.0,1,6.0,2,1,4,Kinh doanh
1,6,Nguyễn Khuyến,1,29.5,29500.0,101.0,1,4.0,10,6,6,"Mặt phố, Kinh doanh, Ô tô"
1,6,Trần Quý Cáp,1,4.05,4050.0002,21.0,1,2.4,5,5,5,Ngõ
1,6,La Thành,1,3.8,3800.0,33.0,1,3.0,5,3,4,Ngõ
1,6,An Trạch 1,1,8.6,8600.0,42.0,1,5.4,9,6,6,Dòng tiền
1,6,Trần Quang Diệu,1,34.8,34800.0,65.0,1,4.0,7,7,7,"Ô tô, Mặt phố, Kinh doanh, Dòng tiền, Thang máy"
1,6,Lê Duẩn,1,9.6,9600.0,22.0,1,4.0,4,3,4,"Mặt phố, Kinh doanh"
1,6,Đường Láng,1,5.0,5000.0,25.0,1,3.0,5,5,5,Ngõ
1,6,Linh Quang,1,11.8,11800.0,55.0,1,4.0,8,6,5,"Ô tô, Kinh doanh, Ngõ"
1,6,Vĩnh Hồ,1,11.2,11200.0,60.0,1,3.3,6,4,4,"Ô tô, Mặt phố, Kinh doanh"
1,6,Lê Duẩn,1,2.95,2950.0,25.0,1,2.5,2,2,4,"Mặt phố, Kinh doanh, Ô tô, Dòng tiền"
1,6,Trần Quang Diệu (Tây Sơn),1,7.65,7650.0,31.0,1,7.2,3,3,5,Ngõ
1,6,Đê La Thành,1,5.75,5750.0,40.0,1,3.7,6,4,4,Ngõ
1,6,Đê La Thành,1,17.9,17900.0,72.0,1,4.2,7,3,5,"Ô tô, Mặt phố, Kinh doanh, Dòng tiền"
1,6,Chợ Khâm Thiên,1,4.65,4650.0,24.0,1,3.0,3,3,4,Ngõ
1,6,Lương Định Của,1,8.95,8950.0,28.0,1,3.4,4,5,6,Ngõ
1,6,Vĩnh Hồ,1,9.3,9300.0,42.0,1,3.1,4,1,5,Ngõ
1,6,Nguyễn Lương Bằng,1,10.9,10900.0,45.0,1,3.6,5,2,3,Ngõ
1,6,Đặng Văn Ngữ,1,3.85,3850.0,22.0,1,3.6,4,2,4,Ngõ
1,6,Chợ Khâm Thiên,1,4.75,4750.0,25.0,1,4.0,4,2,4,Ngõ
1,6,Đường Láng,1,7.5,7500.0,45.0,1,4.4,7,5,5,Ngõ
1,6,Tô Tiền,1,4.2,4200.0,24.0,1,3.0,3,3,4,Ngõ
1,6,Phương Mai,1,9.5,9500.0,45.0,1,4.1,7,4,4,"Ô tô, Kinh doanh"
1,6,Giảng Võ,1,5.8,5800.0,30.0,1,3.4,5,4,5,"Kinh doanh, Ngõ"
1,6,Trần Hữu Tước,1,11.8,11800.0,44.0,1,4.4,6,6,6,"Thang máy, Dòng tiền, Ngõ"
1,6,Tôn Đức Thắng,1,11.8,11800.0,40.0,1,4.5,5,5,4,"Ô tô, Kinh doanh, Ngõ"
1,6,Nam Đồng,1,14.95,14950.0,73.0,1,7.4,4,4,3,"Ô tô, Mặt phố"
1,6,Phạm Ngọc Thạch,1,10.3,10300.0,34.0,1,3.0,6,4,4,Ngõ
1,6,Lệnh Cư,1,5.85,5850.0,33.0,1,5.6,5,5,5,"Dòng tiền, Ngõ"
1,6,Nguyễn Phúc Lai,1,32.0,32000.0,90.0,1,5.5,6,6,6,"Ô tô, Mặt phố, Kinh doanh, Dòng tiền, Thang máy"
1,6,Thái Hà,1,16.5,16500.0,56.0,1,5.4,7,2,5,Ngõ
1,6,Nguyên Hồng,1,37.5,37500.0,84.0,1,7.0,10,10,8,"Ô tô, Kinh doanh, Dòng tiền, Thang máy"
1,6,Nguyên Hồng,1,23.0,23000.0,76.0,1,3.1,5,2,4,"Ô tô, Mặt phố, Kinh doanh, Dòng tiền"
1,6,+ 12A Đê La Thành Nhỏ,1,11.5,11500.0,60.0,1,6.8,8,8,5,Ngõ
1,6,Quan Thổ 3,1,10.9,10900.0,41.0,1,3.8,2,1,4,Ngõ
1,6,Xã Đàn 2,1,8.2,8200.0,38.0,1,3.8,4,4,4,Ngõ
1,6,Nguyễn Lương Bằng,1,12.0,12000.0,53.0,1,3.8,3,3,4,Ngõ
1,6,Văn Hương,1,3.95,3950.0,32.0,1,11.0,4,1,5,Ngõ
1,6,phố Chợ Khâm Thiên,1,10.0,10000.0,36.0,1,11.0,2,2,3,"Ô tô, Kinh doanh, Ngõ"
1,6,Thịnh hào 1,1,5.8,5800.0,25.0,1,3.1,5,1,5,Ngõ
1,6,Phương Mai,1,9.4,9400.0,44.0,1,3.2,5,4,6,Thang máy
1,6,Giảng Võ,1,9.2,9200.0,42.0,1,3.9,6,4,4,"Kinh doanh, Ngõ"
1,6,Trung Tả Khâm Thiên,1,7.5,7500.0,65.0,1,3.3,11,11,5,"Kinh doanh, Ngõ"
1,6,Hoàng Cầu,1,106.0,106000.0,240.0,1,11.0,5,3,9,"Kinh doanh, Ô tô, Mặt phố"
1,6,Nguyễn Phúc Lai,1,39.0,39000.0,128.0,1,8.5,7,3,3,"Ô tô, Mặt phố, Kinh doanh"
1,6,Tây Sơn,1,7.2,7200.0,50.0,1,6.0,6,3,4,"Dòng tiền, Ngõ"
1,6,Đê La Thành,1,8.5,8500.0,60.0,1,5.6,6,4,4,"Ô tô, Kinh doanh, Ngõ"
1,6,Tôn Đức Thắng,1,32.5,32500.0,72.0,1,4.5,6,1,4,Mặt phố
1,6,La Thành,1,28.8,28800.0,118.0,1,3.5,17,17,7,Dòng tiền
1,6,Thái Hà,1,12.0,12000.0,61.0,1,4.6,4,4,4,Ô tô
1,6,Nguyễn Lương Bằng,1,6.0,6000.0,42.0,1,5.6,6,4,4,Ngõ
1,6,Láng Hạ,1,60.0,60000.0,129.0,1,5.9,8,4,4,"Ô tô, Mặt phố, Kinh doanh"
1,6,Trung Tả,1,9.5,9500.0,60.0,1,6.0,6,6,4,"Ô tô, Kinh doanh, Ngõ"
1,6,Láng,1,7.5,7500.0,33.0,1,3.0,5,5,5,Ngõ
1,6,Chợ Khâm Thiên,1,2.05,2050.0,18.0,1,4.0,5,5,5,Ngõ
1,6,Chợ Khâm Thiên,1,2.48,2480.0,18.0,1,3.1,4,2,4,Ngõ
1,6,Trần Quang Diệu,1,39.0,39000.0,87.0,1,5.2,2,1,4,"Ô tô, Kinh doanh, Dòng tiền, Ngõ"
1,6,Chợ Khâm Thiên,1,4.6,4600.0,32.0,1,4.0,3,3,4,Ngõ
1,6,Nguyễn Chí Thanh,1,13.2,13200.0,48.0,1,4.3,4,1,4,Ngõ
1,6,Trường Chinh,1,9.9,9900.0,50.0,1,4.4,4,2,2,"Ô tô, Kinh doanh, Ngõ"
1,6,Hào Nam,1,20.0,20000.0,62.0,1,6.0,8,6,7,"Ô tô, Thang máy, Kinh doanh"
1,6,Chợ Khâm Thiên,1,5.5,5500.0,62.0,1,5.3,7,3,4,Ngõ
1,6,Hồ Bãi Cát,1,5.35,5350.0,37.0,1,4.0,6,4,4,Ngõ
1,6,Giảng Võ,1,70.0,70000.0,154.0,1,6.2,6,3,4,"Ô tô, Kinh doanh, Mặt phố"
1,6,Văn Chương,1,9.3,9300.0,61.0,1,2.7,2,2,2,"Kinh doanh, Ngõ"
1,6,Nguyễn Chí Thanh,1,14.0,14000.0,42.0,1,3.3,6,1,5,"Ô tô, Kinh doanh, Ngõ"
1,6,Hào Nam,1,27.5,27500.0,60.0,1,3.9,11,1,6,"Ô tô, Mặt phố, Kinh doanh, Dòng tiền"
1,6,Trường Chinh,1,4.5,4500.0,25.0,1,3.0,3,3,5,Ngõ
1,6,Hoàng Cầu,1,40.5,40500.0,89.0,1,4.0,6,2,4,Ngõ
1,6,Văn Chương,1,6.95,6950.0,25.0,1,3.0,3,3,4,"Ô tô, Kinh doanh, Dòng tiền"
1,6,Chùa Bộc,1,12.5,12500.0,42.0,1,3.2,8,8,4,"Ô tô, Kinh doanh, Ngõ"
1,6,Yên Lãng,1,16.0,16000.0,71.0,1,5.5,10,10,6,"Ô tô, Kinh doanh, Thang máy, Ngõ"
1,6,Yên Lãng,1,13.0,13000.0,60.0,1,3.4,4,4,5,"Ô tô, Kinh doanh, Ngõ"
1,6,Thái Hà,1,12.5,12500.0,58.0,1,3.2,2,2,3,"Ô tô, Kinh doanh, Ngõ"
1,6,chợ Khâm Thiên,1,4.5,4500.0,31.0,1,4.0,4,5,5,Ngõ
1,6,Tôn Đức Thắng,1,17.4,17400.0,35.0,1,8.0,4,4,4,"Ô tô, Mặt phố, Kinh doanh, Dòng tiền, Thang máy"
1,6,Thái Hà,1,7.5,7500.0,45.0,1,3.5,6,4,5,Ngõ
1,6,Thái Hà,1,63.0,63000.0,224.0,1,7.0,6,6,9,"Ô tô, Kinh doanh, Dòng tiền, Thang máy, Ngõ"
1,6,Cát Linh,1,22.0,22000.0,64.0,1,4.9,6,2,4,"Ô tô, Mặt phố, Kinh doanh, Dòng tiền"
1,6,Hào Nam,1,9.2,9200.0,55.0,1,4.3,5,3,5,"Ô tô, Mặt phố"
1,6,Khương Thượng,1,8.8,8800.0,30.0,1,3.0,4,3,4,Ngõ
1,6,Thịnh Quang,1,12.5,12500.0,65.0,1,4.0,6,2,4,"Ô tô, Kinh doanh"
1,6,Thái Thịnh,1,13.5,13500.0,57.0,1,3.6,8,6,5,"Ô tô, Kinh doanh, Ngõ"
1,6,Đường Láng,1,9.2,9200.0,50.0,1,3.6,6,4,5,"Ô tô, Kinh doanh, Dòng tiền, Ngõ"
1,6,Đặng Tiến Đông,1,30.0,30000.0,96.0,1,4.0,8,8,4,"Ô tô, Ngõ"
1,6,An Trạch 1,1,13.0,13000.0,90.0,1,5.0,6,6,3,"Ô tô, Kinh doanh, Ngõ"
1,6,Hồ Đắc Di,1,12.5,12500.0,36.0,1,3.0,5,5,5,"Ô tô, Mặt phố, Kinh doanh, Dòng tiền"
1,6,Cống Trắng,1,8.6,8600.0,86.0,1,4.2,6,2,4,Ngõ
1,6,Phương Mai,1,10.3,10300.0,65.0,1,3.5,8,8,3,Kinh doanh
1,6,Tôn Đức Thắng,1,3.2,3200.0,32.0,1,3.0,3,3,3,Ngõ
1,6,Trần Quý Cáp,1,10.0,10000.0,42.0,1,5.5,3,3,3,"Ô tô, Mặt phố, Dòng tiền, Kinh doanh"
1,6,La Thành,1,13.6,13600.0,55.0,1,3.8,8,3,4,"Ô tô, Kinh doanh, Ngõ"
1,6,Linh Quang,1,2.1,2100.0,23.0,1,4.2,2,1,3,Ngõ
1,6,La Thành,1,7.5,7500.0,29.0,1,2.9,4,3,4,"Ô tô, Mặt phố, Kinh doanh"
1,6,Linh Quang B,1,5.2,5200.0,44.0,1,3.3,3,3,4,Ngõ
1,6,Thịnh Quang,1,16.2,16200.001,90.0,1,6.0,9,6,4,"Ô tô, Mặt phố, Kinh doanh"
1,6,Nguyễn Lương Bằng,1,28.0,28000.0,90.0,1,4.0,3,3,3,"Kinh doanh, Dòng tiền, Ô tô"
1,6,Khâm Thiên,1,15.6,15600.0,40.0,1,3.6,4,3,4,"Mặt phố, Kinh doanh"
1,6,Thái Thịnh 1,1,12.0,12000.0,45.0,1,4.7,10,2,7,"Ô tô, Kinh doanh, Thang máy, Ngõ"
1,6,Quốc Tử Giám,1,16.0,16000.0,30.0,1,3.3,3,3,3,"Ô tô, Mặt phố, Kinh doanh, Dòng tiền"
1,6,Xã Đàn,1,6.5,6500.0,31.0,1,1.2,3,3,4,"Ô tô, Mặt phố, Kinh doanh"
1,6,Khương Thượng,1,6.2,6200.0,30.0,1,2.6,4,4,5,"Mặt phố, Kinh doanh"
1,6,Xã Đàn,1,8.75,8750.0,40.0,1,5.5,5,5,5,Ngõ
1,6,Đê La Thành nhỏ,1,21.0,21000.0,81.0,1,5.2,4,2,3,"Ô tô, Mặt phố, Kinh doanh, Dòng tiền"
1,6,Hồ Văn Chương,1,32.0,32000.0,76.0,1,8.2,10,10,5,"Mặt phố, Kinh doanh, Ô tô, Dòng tiền"
1,6,Phạm Ngọc Thạch,1,14.7,14700.0,35.0,1,2.8,5,4,4,"Mặt phố, Kinh doanh, Ô tô"
1,6,Nguyễn Phúc Lai,1,40.0,40000.0,100.0,1,6.2,8,8,4,"Ô tô, Mặt phố, Kinh doanh"
1,6,Đê La Thành,1,12.0,12000.0,42.0,1,3.1,4,3,5,"Ô tô, Mặt phố, Kinh doanh"
1,6,Đê La Thành,1,12.5,12500.0,36.0,1,3.5,2,1,6,Mặt phố
1,6,Toàn Thắng,1,4.9,4900.0,48.0,1,4.7,5,3,3,Ngõ
1,6,Xã Đàn,1,15.5,15500.0,93.0,1,4.5,7,7,6,"Ô tô, Ngõ"
1,6,Nguyễn Chí Thanh,1,15.2,15200.0,38.0,1,4.1,6,3,4,"Mặt phố, Kinh doanh"
1,6,Tây Sơn,1,5.0,5000.0,30.0,1,5.2,6,6,4,Ngõ
1,6,Đặng Văn Ngữ,1,8.5,8500.0,51.0,1,3.9,6,1,4,"Ô tô, Ngõ"
1,6,Xã Đàn,1,17.8,17800.0,80.0,1,4.6,18,1,7,"Kinh doanh, Ngõ"
1,6,Tôn Đức Thắng,1,9.6,9600.0,21.0,1,3.4,3,3,5,"Ô tô, Mặt phố, Kinh doanh"
1,6,Hoàng Cầu,1,7.8,7800.0,52.0,1,3.7,2,2,4,"Mặt phố, Kinh doanh"
1,6,Xã Đàn,1,36.5,36500.0,170.0,1,4.8,4,4,4,"Mặt phố, Kinh doanh"
1,6,Hồ Ba Mẫu,1,10.5,10500.0,50.0,1,10.0,4,2,3,"Kinh doanh, Ô tô, Mặt phố"
1,6,Nguyễn Lương Bằng,1,7.3,7300.0,20.0,1,6.0,2,2,3,"Ô tô, Mặt phố, Kinh doanh"
1,6,Phương Mai,1,1.98,1980.0,50.0,1,6.0,3,1,1,"Kinh doanh, Ngõ"
1,6,Cát Linh,1,5.2,5200.0,52.0,1,5.0,4,2,5,Ngõ
1,6,Đê La Thành nhỏ,1,8.8,8800.0,36.0,1,4.1,5,1,7,Ngõ
1,6,Khương Thượng,1,8.6,8600.0,40.0,1,3.15,6,4,4,Ngõ
1,6,Kiến Thiết Khâm Thiên,1,6.15,6150.0,33.0,1,4.0,3,3,4,Ngõ
1,6,Nguyễn Khuyến,1,17.8,17800.0,40.0,1,4.0,10,5,6,"Ô tô, Mặt phố, Kinh doanh"
1,6,Khâm Đức,1,4.15,4150.0,30.0,1,3.5,2,2,4,Ngõ
1,6,Trần Quý Cáp,1,11.9,11900.0,38.0,1,3.0,6,3,4,"Ô tô, Kinh doanh, Ngõ"
1,6,Cát Linh,1,30.3,30300.0,100.0,1,3.3,14,14,7,"Ô tô, Kinh doanh, Dòng tiền, Ngõ"
1,6,Chùa Bộc,1,27.5,27500.0,55.0,1,3.0,3,3,3,"Ô tô, Mặt phố, Kinh doanh, Dòng tiền"
1,6,Khâm Thiên,1,32.0,32000.0,90.0,1,4.0,12,12,5,"Mặt phố, Kinh doanh"
1,6,La Thành Nhỏ,1,5.3,5300.0,22.0,1,2.6,2,3,4,"Ô tô, Mặt phố, Kinh doanh"
1,6,Đông Tác,1,7.0,7000.0,61.0,1,5.0,4,3,3,Ngõ
1,6,Vĩnh Hồ,1,12.052,12052.0,24.4,1,3.45,6,4,4,"Mặt phố, Kinh doanh"
1,6,"A,B Linh Quang",1,10.0,10000.0,31.0,1,4.3,1,1,5,"Ô tô, Kinh doanh"
1,6,Thịnh Quang,1,10.0,10000.0,40.0,1,6.4,6,7,6,Thang máy
1,6,Thịnh Hào 3,1,8.2,8200.0,40.0,1,3.2,4,4,5,"Kinh doanh, Thang máy, Dòng tiền, Ngõ"
1,6,Nguyễn Chí Thanh,1,16.5,16500.0,90.0,1,7.5,7,5,5,"Ô tô, Ngõ"
1,6,Chùa Bộc,1,32.0,32000.0,53.0,1,3.2,10,5,5,"Mặt phố, Ô tô, Kinh doanh"
1,6,Đường Láng,1,5.8,5800.0,58.0,1,3.3,5,3,3,"Kinh doanh, Ngõ"
1,6,Phương Mai,1,18.0,18000.0,48.0,1,10.0,7,6,6,"Ô tô, Mặt phố, Kinh doanh, Dòng tiền, Thang máy"
1,6,Trường Chinh,1,8.5,8500.0,52.0,1,5.8,6,3,4,Ngõ
1,6,Thổ Quan,1,4.8,4800.0,39.0,1,5.2,5,5,5,Ngõ
1,6,Chợ Khâm Thiên,1,2.4,2400.0,16.0,1,3.6,3,3,4,Ngõ
1,6,Tôn Đức Thắng,1,35.0,35000.0,72.0,1,7.2,4,2,3,Kinh doanh
1,6,Nguyễn Lương Bằng,1,6.0,6000.0,36.0,1,7.0,4,2,3,Ngõ
1,6,Hào Nam,1,33.9,33900.0,86.0,1,4.0,6,3,5,Ngõ
1,6,Pháo Đài Láng,1,25.0,25000.0,71.0,1,4.4,10,10,6,Ngõ
1,6,Chợ Khâm Thiên,1,4.25,4250.0,19.0,1,3.0,4,3,4,Ngõ
1,6,Xã Đàn 2,1,27.5,27500.0,88.0,1,2.16,6,1,5,"Kinh doanh, Ngõ"
1,6,Nguyễn Lương Bằng,1,8.3,8300.0,48.0,1,3.4,5,2,3,Ngõ
1,6,Hoàng An,1,5.95,5950.0,40.0,1,3.6,4,1,4,Ngõ
1,6,Khâm Thiên,1,3.75,3750.0,22.0,1,1.4,3,3,4,Ngõ
1,6,Hào Nam,1,16.9,16900.0,62.0,1,4.0,17,17,7,"Dòng tiền, Ngõ"
1,6,Thịnh Hào 2,1,3.55,3550.0,16.0,1,3.0,3,4,4,Ngõ
1,6,Yên Lãng,1,9.95,9950.0,49.0,1,3.4,3,2,2,Ngõ
1,6,Nguyễn Lương Bằng,1,20.0,20000.0,53.0,1,3.2,8,4,4,"Ô tô, Mặt phố, Kinh doanh"
1,6,Láng,1,12.5,12500.0,85.0,1,3.5,4,2,3,"Ô tô, Kinh doanh, Ngõ"
1,6,Tôn Đức Thắng,1,5.8,5800.0,18.0,1,3.6,3,3,3,"Ô tô, Mặt phố, Kinh doanh"
1,6,Đường Láng,1,19.5,19500.0,52.0,1,4.8,12,12,7,"Ô tô, Kinh doanh, Dòng tiền, Thang máy, Ngõ"
1,6,Khâm Thiên,1,6.5,6500.0,31.0,1,3.3,3,4,5,Ngõ
1,6,Phổ Giác,1,3.6,3600.0,27.0,1,3.0,4,4,5,"Mặt phố, Kinh doanh"
1,6,Đặng Tiến Đông,1,8.35,8350.0,38.0,1,5.3,1,1,5,Ngõ
1,6,Đê La Thành,1,6.3,6300.0,30.0,1,3.5,3,3,5,Ngõ
1,6,Linh Quang,1,13.75,13750.0,50.0,1,6.4,5,5,6,"Thang máy, Ngõ"
1,6,Linh Quang,1,13.75,13750.0,50.0,1,6.4,5,5,6,Ngõ
1,6,Phương Mai,1,5.35,5350.0,46.0,1,4.0,5,3,4,Ngõ
1,6,Yên Lãng,1,17.6,17600.0,38.0,1,3.5,5,3,5,"Mặt phố, Kinh doanh, Dòng tiền, Ô tô"
1,6,Quan Thổ III,1,5.2,5200.0,31.0,1,3.9,4,2,4,Ngõ
1,6,Thành Công,1,11.6,11600.0,47.0,1,4.5,10,10,7,Ngõ
1,6,Láng Hạ,1,11.0,11000.0,30.0,1,3.2,3,3,3,"Mặt phố, Kinh doanh"
1,6,Đê La Thành,1,28.5,28500.0,90.0,1,4.1,3,3,2,"Ô tô, Mặt phố, Kinh doanh, Dòng tiền"
1,6,Giảng Võ,1,6.4,6400.0,26.0,1,3.4,4,1,4,Ngõ
1,6,Tây Sơn,1,22.5,22500.0,54.0,1,3.6,5,3,4,"Mặt phố, Kinh doanh"
1,6,Lê Duẩn,1,7.2,7200.0,22.0,1,2.5,4,4,4,"Mặt phố, Kinh doanh"
1,6,Nguyễn Lương Bằng,1,26.5,26500.0,100.0,1,10.0,3,1,3,"Mặt phố, Kinh doanh"
1,6,Trường Chinh,1,27.5,27500.0,79.0,1,4.7,19,10,9,"Thang máy, Dòng tiền, Ngõ"
1,6,Tây Sơn,1,7.9,7900.0,56.0,1,4.5,7,4,4,"Dòng tiền, Ngõ"
1,6,Lệnh Cư,1,3.25,3250.0,17.0,1,2.8,3,3,5,Ngõ
1,6,Trung Tả,1,5.78,5780.0,27.0,1,3.3,4,4,6,Ngõ
1,6,Hào Nam,1,16.2,16200.001,43.0,1,3.6,5,4,5,"Mặt phố, Kinh doanh, Ô tô"
1,6,Xã Đàn 2,1,27.5,27500.0,89.0,1,4.5,5,5,4,"Kinh doanh, Ngõ"
1,6,Láng,1,10.7,10700.0,50.0,1,5.56,14,7,5,"Dòng tiền, Ngõ"
1,6,Tây Sơn,1,7.9,7900.0,30.0,1,5.0,4,5,5,"Ô tô, Kinh doanh, Ngõ"
1,6,Nguyễn Lương Bằng,1,51.0,51000.0,120.0,1,4.2,6,4,4,"Ô tô, Mặt phố, Kinh doanh"
1,6,Văn Chương,1,3.68,3680.0,20.0,1,3.6,4,3,4,Ngõ
1,6,Chùa Láng,1,10.2,10200.0,80.0,1,6.0,10,10,4,Dòng tiền
1,6,Phương Mai,1,8.7,8700.0,36.0,1,3.4,6,3,4,Ngõ
1,6,Trường Chinh,1,7.4,7400.0,40.0,1,4.0,6,4,4,Ngõ
1,6,Văn Hương,1,3.29,3290.0,23.0,1,3.0,3,3,3,Ngõ
1,6,Tôn Đức Thắng,1,6.8,6800.0,13.0,1,2.4,4,1,4,"Ô tô, Mặt phố, Kinh doanh, Dòng tiền"
1,6,Nguyễn Lương Bằng,1,12.6,12600.0,60.0,1,3.5,6,3,3,"Ô tô, Ngõ"
1,6,Phạm Ngọc Thạch,1,6.2,6200.0,50.0,1,2.0,6,3,4,"Kinh doanh, Dòng tiền"
1,6,Hồ Văn Chương,1,5.25,5250.0,25.0,1,3.5,4,5,5,"Ô tô, Kinh doanh, Ngõ"
1,6,Yên Lãng,1,13.5,13500.0,60.0,1,3.5,10,6,6,"Ô tô, Ngõ"
1,6,Khương Thượng,1,20.5,20500.0,71.0,1,5.7,4,2,3,"Mặt phố, Kinh doanh, Ô tô"
1,6,Cát Linh,1,9.5,9500.0,30.0,1,3.8,4,1,4,"Ô tô, Mặt phố, Kinh doanh, Dòng tiền"
1,6,Chùa Láng,1,11.2,11200.0,51.0,1,3.1,7,3,5,Ngõ
1,6,Thái Thịnh,1,5.5,5500.0,31.0,1,3.3,3,2,3,Ngõ
1,6,Phương Mai,1,20.0,20000.0,65.0,1,2.8,6,3,4,Ngõ
1,6,Quan Thổ 1,1,11.9,11900.0,61.5,1,4.0,4,2,2,"Kinh doanh, Ngõ"
1,6,Tây Sơn,1,16.2,16200.001,52.0,1,3.2,5,3,4,Ngõ
1,6,Tôn Đức Thắng,1,4.25,4250.0,20.0,1,2.3,6,5,6,Ngõ
1,6,Xã Đàn 3,1,7.5,7500.0,31.0,1,3.8,6,6,6,"Kinh doanh, Dòng tiền, Ngõ"
1,6,Hoàng Cầu,1,56.0,56000.0,168.0,1,7.5,5,5,5,"Mặt phố, Kinh doanh, Ô tô, Thang máy"
1,6,Chùa Bộc,1,41.9,41900.0,48.0,1,6.2,5,1,4,"Ô tô, Mặt phố, Kinh doanh, Dòng tiền"
1,6,Tôn Đức Thắng,1,7.85,7850.0,38.0,1,4.5,3,3,4,Ngõ
1,6,Lan Bá,1,5.4,5400.0,38.0,1,5.0,3,3,3,Ngõ
1,6,Hòa Bình,1,6.35,6350.0,46.0,1,3.3,4,4,3,Ngõ
1,6,Tây Sơn,1,18.0,18000.0,64.0,1,4.5,4,4,4,"Ô tô, Kinh doanh, Dòng tiền, Ngõ"
1,6,Tôn Đức Thắng,1,5.68,5680.0,40.0,1,3.6,3,3,4,Ngõ
1,6,Vũ Thạnh,1,25.5,25500.0,86.0,1,7.0,6,2,8,"Ô tô, Kinh doanh, Dòng tiền, Thang máy, Ngõ"
1,6,Đường Láng,1,16.8,16800.0,40.0,1,3.3,6,5,5,"Mặt phố, Kinh doanh"
1,6,Tam Khương,1,25.2,25200.0,70.0,1,5.0,10,5,5,"Ô tô, Mặt phố, Kinh doanh"
1,6,Ngô Sỹ Liên,1,17.0,17000.0,52.0,1,5.3,5,4,4,"Dòng tiền, Ngõ"
1,6,Vũ Ngọc Phan,1,8.9,8900.0,62.0,1,5.0,6,2,4,"Ô tô, Kinh doanh, Dòng tiền, Ngõ"
1,6,Tôn Thất Tùng,1,4.6,4600.0,24.0,1,2.3,4,3,4,"Kinh doanh, Ngõ"
1,6,Tôn Đức Thắng,1,1.4,1400.0,11.0,1,2.5,2,1,5,"Kinh doanh, Ngõ"
1,6,Tây Sơn,1,11.9,11900.0,31.0,1,3.2,6,6,6,"Ô tô, Mặt phố"
1,6,Tôn Đức Thắng,1,9.9,9900.0,30.0,1,3.6,6,6,6,"Mặt phố, Kinh doanh, Ô tô"
1,6,Tôn Đức Thắng,1,4.65,4650.0,35.0,1,7.3,3,2,3,Ngõ
1,6,Tôn Thất Tùng,1,4.6,4600.0,24.0,1,2.3,6,4,4,"Kinh doanh, Ngõ"
1,6,Thái Hà,1,4.5,4500.0,22.0,1,3.1,3,2,3,Ngõ
1,6,Đường Láng,1,7.5,7500.0,36.0,1,5.2,6,5,5,"Ô tô, Mặt phố, Kinh doanh, Dòng tiền"
1,6,Thái Thịnh,1,7.2,7200.0,38.0,1,3.0,8,4,5,"Kinh doanh, Dòng tiền, Ngõ"
1,6,Văn Hương,1,3.35,3350.0,25.0,1,4.5,5,4,4,Ngõ
1,6,Tô Tiền,1,3.45,3450.0,23.0,1,2.6,3,2,4,Ngõ
1,6,Pháo Đài Láng,1,19.0,19000.0,160.0,1,6.5,2,2,3,Kinh doanh
1,6,Quốc Tử Giám,1,25.0,25000.0,41.0,1,4.0,3,3,4,"Mặt phố, Kinh doanh"
1,6,Trường Chinh,1,15.5,15500.0,52.0,1,4.5,4,4,3,"Ô tô, Mặt phố, Kinh doanh"
1,6,Láng,1,6.65,6650.0,30.0,1,3.8,3,3,5,Ngõ
1,6,Cát Linh,1,8.1,8100.0005,30.0,1,3.7,3,3,3,"Ô tô, Kinh doanh, Ngõ"
1,6,Tây Sơn,1,18.9,18900.0,54.0,1,16.0,6,3,4,"Ô tô, Kinh doanh, Thang máy, Ngõ"
1,6,Thái Hà,1,20.0,20000.0,52.0,1,4.0,4,2,5,"Ô tô, Kinh doanh, Ngõ"
1,6,Quan Thổ 3,1,8.3,8300.0,40.0,1,3.5,4,4,4,Ngõ
1,6,Chùa Bộc,1,19.0,19000.0,107.0,1,7.0,2,2,6,Ngõ
1,6,Văn Hương,1,1.8,1800.0,12.0,1,3.0,3,2,4,Ô tô
1,6,Khâm Thiên,1,29.9,29900.0,90.0,1,3.5,5,1,3,"Ô tô, Mặt phố"
1,6,Cát Linh,1,7.05,7050.0,23.0,1,4.8,5,4,5,Ngõ
1,6,Đường Láng,1,15.5,15500.0,80.0,1,4.7,5,3,4,Ngõ
1,6,Hào Nam,1,4.6,4600.0,26.0,1,4.4,3,3,4,Ngõ
1,6,Xã Đàn 2,1,18.5,18500.0,48.0,1,6.9,8,5,5,"Ô tô, Kinh doanh"
1,6,Xã Đàn,1,12.9,12900.0,56.0,1,4.1,7,5,7,Ngõ
1,6,Giải Phóng,1,15.5,15500.0,38.0,1,3.3,4,4,4,"Ô tô, Mặt phố, Kinh doanh, Dòng tiền"
1,6,Phương Mai,1,14.6,14600.0,33.0,1,3.5,6,6,4,"Ô tô, Kinh doanh, Dòng tiền, Ngõ"
1,6,Phúc Lai,1,17.0,17000.0,43.0,1,3.6,6,4,6,"Kinh doanh, Ô tô, Ngõ"
1,6,Mai Anh Tuấn,1,11.6,11600.0,50.0,1,3.4,6,3,4,Ngõ
1,6,Chợ Khâm Thiên,1,5.45,5450.0,33.0,1,4.0,5,3,5,Ngõ
1,6,Thổ Quan,1,4.88,4880.0,28.0,1,4.25,5,3,5,Kinh doanh
1,6,Khâm Thiên,1,8.5,8500.0,40.0,1,3.3,9,9,6,"Dòng tiền, Ngõ"
1,6,Tây Sơn,1,20.0,20000.0,63.0,1,3.3,4,3,3,"Ô tô, Mặt phố, Kinh doanh"
1,6,Hoàng Cầu,1,29.0,29000.0,90.0,1,4.2,6,6,3,"Ô tô, Mặt phố, Kinh doanh"
1,6,Lan Bá,1,22.9,22900.0,110.0,1,4.0,29,29,8,Ngõ
1,6,chợ Khâm Thiên,1,7.5,7500.0,55.0,1,7.0,6,4,5,Ngõ
1,6,Vĩnh Hồ,1,9.39,9390.0,43.0,1,3.1,6,4,5,"Dòng tiền, Ngõ"
1,6,Linh Quang,1,8.2,8200.0,32.0,1,3.3,6,4,5,"Ô tô, Kinh doanh, Dòng tiền, Ngõ"
1,6,Tô Tiền,1,4.2,4200.0,23.2,1,2.9,3,3,4,Ngõ
1,6,An Trạch,1,9.6,9600.0,54.0,1,5.5,6,6,4,"Ô tô, Ngõ"
1,6,Trịnh Hoài Đức,1,3.9,3900.0,23.0,1,2.9,3,3,5,"Ô tô, Kinh doanh, Ngõ"
1,6,Trung Liệt,1,20.0,20000.0,65.0,1,5.2,4,4,4,"Ô tô, Mặt phố, Kinh doanh"
1,6,Thái Hà,1,48.5,48500.0,169.0,1,11.0,3,1,3,"Ô tô, Kinh doanh, Ngõ"
1,6,Thịnh Hào 1,1,12.3,12300.0,73.0,1,3.4,6,3,4,Ngõ
1,6,Đông Tác,1,13.5,13500.0,57.0,1,5.2,5,3,4,"Ô tô, Kinh doanh, Ngõ"
1,6,Khương Thượng,1,8.6,8600.0,30.0,1,3.0,4,3,4,"Ô tô, Mặt phố, Kinh doanh"
1,6,Xã Đàn,1,27.0,27000.0,38.0,1,3.2,5,5,5,"Mặt phố, Kinh doanh, Ô tô"
1,6,"Thịnh Hào 3, Tôn Đức Thắng",1,3.75,3750.0,22.0,1,2.7,5,1,5,Ngõ
1,6,Pháo Đài Láng,1,28.0,28000.0,85.0,1,4.5,12,12,8,"Mặt phố, Ô tô, Kinh doanh, Dòng tiền, Thang máy"
1,6,Thịnh Hào 1,1,33.0,33000.0,132.0,1,11.0,23,23,7,"Ô tô, Kinh doanh, Ngõ"
1,6,Hoà Bình - Khâm Thiên,1,12.9,12900.0,48.0,1,9.6,14,14,6,"Dòng tiền, Thang máy"
1,6,Thổ Quan,1,7.99,7990.0,59.0,1,2.7,7,7,7,"Mặt phố, Ô tô, Kinh doanh, Thang máy, Dòng tiền"
1,6,Chùa Láng,1,21.5,21500.0,85.0,1,3.6,3,3,3,"Mặt phố, Ô tô, Kinh doanh, Dòng tiền"
1,6,Tây Sơn,1,30.0,30000.0,94.0,1,3.6,4,4,5,"Ô tô, Mặt phố, Kinh doanh"
1,6,Thái Thịnh,1,19.0,19000.0,54.0,1,4.0,10,10,6,"Mặt phố, Kinh doanh, Ô tô"
1,6,Nguyễn Phúc Lai,1,47.0,47000.0,112.0,1,7.8,9,9,9,"Ô tô, Mặt phố, Kinh doanh, Thang máy, Dòng tiền"
1,6,Láng Hạ,1,13.3,13300.0,50.0,1,7.0,6,4,8,"Thang máy, Dòng tiền, Ngõ"
1,6,Xã Đàn,1,30.0,30000.0,100.0,1,5.1,29,29,9,"Kinh doanh, Dòng tiền, Thang máy"
1,6,Hào Nam,1,9.8,9800.0,71.0,1,7.0,5,3,3,Ngõ
1,6,Văn Hương,1,10.0,10000.0,65.0,1,3.4,7,4,4,"Kinh doanh, Ngõ"
1,6,Trung Liệt,1,14.9,14900.0,88.0,1,5.6,6,4,5,"Kinh doanh, Ngõ"
1,6,Trịnh Hoài Đức,1,21.0,21000.0,44.0,1,3.5,6,3,5,"Ô tô, Mặt phố, Kinh doanh"
1,6,Hồ Văn Chương,1,35.0,35000.0,76.0,1,8.3,5,3,5,"Ô tô, Mặt phố, Kinh doanh, Dòng tiền"
1,6,Tôn Đức Thắng,1,4.2,4200.0,9.0,1,2.2,3,3,4,"Mặt phố, Kinh doanh"
1,6,Hoàng Cầu,1,32.5,32500.0,111.0,1,5.6,8,4,4,"Ô tô, Kinh doanh, Ngõ"
1,6,An Trạch 1,1,8.8,8800.0,48.0,1,4.8,5,3,4,Ngõ
1,6,Chợ Khâm Thiên,1,9.5,9500.0,47.0,1,3.7,6,4,4,Ngõ
1,6,Chùa Láng,1,24.8,24800.0,44.0,1,3.6,3,3,4,"Ô tô, Mặt phố, Kinh doanh"
1,6,Chợ Khâm Thiên,1,7.7,7700.0,44.0,1,5.25,6,3,3,"Ô tô, Kinh doanh, Ngõ"
1,6,Đường Láng,1,13.3,13300.0,45.0,1,3.6,8,3,5,"Ô tô, Kinh doanh, Dòng tiền, Ngõ"
1,6,Đường Láng,1,15.5,15500.0,99.0,1,7.2,7,4,5,"Ô tô, Kinh doanh, Dòng tiền, Ngõ"
1,6,Đường Láng,1,16.5,16500.0,133.0,1,5.3,12,12,3,"Kinh doanh, Ô tô, Ngõ"
1,6,+ 11 Lương Sử C,1,21.5,21500.0,93.0,1,7.0,12,12,6,"Ô tô, Kinh doanh"
1,6,Hoàng Cầu,1,13.5,13500.0,70.0,1,4.91,4,1,5,Ngõ
1,6,Thái Hà,1,43.9,43900.0,124.0,1,5.4,4,4,3,"Ô tô, Kinh doanh, Ngõ"
1,6,Nguyễn Lương Bằng,1,40.0,40000.0,80.0,1,4.0,6,2,5,"Ô tô, Mặt phố, Kinh doanh"
1,6,Nguyễn Lương Bằng,1,40.0,40000.0,80.0,1,5.0,8,2,5,"Ô tô, Kinh doanh, Mặt phố"
1,6,"Thiên Hùng, Khâm Thiên",1,5.15,5150.0,34.0,1,8.0,5,4,4,Ngõ
1,6,Đặng Tiến Đông,1,8.1,8100.0005,20.0,1,3.4,6,3,5,"Ô tô, Mặt phố, Kinh doanh, Dòng tiền"
1,6,Hoàng Cầu,1,72.0,72000.0,182.0,1,4.0,6,4,3,"Mặt phố, Kinh doanh, Dòng tiền"
1,6,Đê La Thành nhỏ,1,9.6,9600.0,42.0,1,3.1,6,3,4,"Ô tô, Mặt phố, Kinh doanh"
1,6,Hoà Bình - Khâm Thiên,1,12.9,12900.0,48.0,1,9.5,10,10,7,"Thang máy, Dòng tiền, Ngõ"
1,6,Hào Nam,1,14.5,14500.0,49.0,1,3.8,5,1,4,"Ô tô, Ngõ"
1,6,Pháo Đài Láng,1,19.8,19800.0,70.0,1,4.3,10,6,6,Ngõ
1,6,Đền Tương Thuận,1,9.6,9600.0,45.0,1,3.3,9,9,6,Dòng tiền
1,6,Trần Quang Diệu,1,21.5,21500.0,40.0,1,3.4,2,1,4,"Ô tô, Mặt phố, Kinh doanh, Dòng tiền"
1,6,54  Ngô Sĩ Liên,1,27.0,27000.0,92.0,1,5.2,8,8,5,Ngõ
1,6,Đường Láng,1,15.8,15800.0,95.0,1,9.0,13,13,7,"Kinh doanh, Dòng tiền, Thang máy, Ngõ"
1,6,Yên Lãng,1,27.0,27000.0,65.0,1,3.4,4,3,4,"Ô tô, Mặt phố, Kinh doanh"
1,6,Trường Chinh,1,6.3,6300.0,31.0,1,3.65,4,4,6,Ngõ
1,6,Văn Chương 2,1,13.5,13500.0,48.0,1,3.1,2,1,4,"Ô tô, Kinh doanh, Ngõ"
1,6,Thịnh Quang,1,13.9,13900.0,80.0,1,9.7,15,15,6,Ngõ
1,6,Thịnh Hào 1,1,5.8,5800.0,34.0,1,5.0,3,3,4,"Kinh doanh, Ngõ"
1,6,Nguyễn Chí Thanh,1,17.0,17000.0,76.0,1,6.4,9,6,6,Ngõ
1,6,Xã Đàn,1,32.0,32000.0,58.0,1,3.1,4,4,4,"Ô tô, Mặt phố, Kinh doanh"
1,6,Vĩnh Hồ,1,6.0,6000.0,34.0,1,2.4,3,3,3,"Ô tô, Kinh doanh, Ngõ"
1,6,18A+ 18B Hồ Đắc Di,1,75.0,75000.0,255.0,1,12.0,9,2,4,"Ô tô, Mặt phố, Kinh doanh, Dòng tiền, Thang máy"
1,6,Đường Láng,1,5.5,5500.0,41.0,1,3.6,6,2,4,Ngõ
1,6,Lương Sử C,1,3.75,3750.0,22.0,1,3.0,3,3,4,Ngõ
1,6,Trần Quý Cáp,1,7.0,7000.0,36.0,1,2.9,2,2,4,Ngõ
1,6,Hoàng Cầu,1,12.5,12500.0,57.0,1,6.4,4,1,5,"Ô tô, Dòng tiền, Kinh doanh, Thang máy, Ngõ"
1,6,Đặng Văn Ngữ,1,12.5,12500.0,31.0,1,3.0,4,3,5,"Ô tô, Mặt phố, Kinh doanh"
1,6,An Trạch,1,15.0,15000.0,55.0,1,6.8,6,2,3,"Ô tô, Kinh doanh, Dòng tiền"
1,6,Đường Láng,1,11.0,11000.0,43.0,1,3.9,8,6,5,"Kinh doanh, Ô tô"
1,6,Ngô Tất Tố,1,3.9,3900.0,20.0,1,2.9,5,3,4,Ngõ
1,6,Hào Nam,1,10.9,10900.0,41.0,1,3.8,4,5,5,Ngõ
1,6,Ngô Sĩ Liên,1,3.95,3950.0,25.0,1,2.7,5,5,5,Ngõ
1,6,Trần Quang Diệu,1,21.0,21000.0,48.0,1,4.2,5,2,5,"Ô tô, Kinh doanh, Ngõ"
1,6,Ô Chợ Dừa,1,27.0,27000.0,62.0,1,4.2,4,2,3,"Mặt phố, Kinh doanh, Ô tô"
1,6,Yên Lãng,1,28.5,28500.0,82.0,1,3.5,10,3,6,Ngõ
1,6,Hồ Đắc Di,1,14.5,14500.0,63.0,1,3.5,5,1,3,"Ô tô, Ngõ"
1,6,Láng,1,14.0,14000.0,40.0,1,5.0,5,2,4,"Mặt phố, Kinh doanh"
1,6,Lê Duẩn,1,5.1,5100.0,18.0,1,2.3,4,4,4,"Kinh doanh, Mặt phố"
1,6,Vạn Ứng,1,3.55,3550.0,30.0,1,4.0,5,3,4,"Kinh doanh, Ngõ"
1,6,Linh Quang,1,3.65,3650.0,24.0,1,3.0,4,3,4,Ngõ
1,6,Văn Chương,1,6.1,6100.0,48.0,1,6.9,6,3,3,Ngõ
1,6,Tôn Đức Thắng,1,17.5,17500.0,42.0,1,2.6,2,2,3,"Mặt phố, Kinh doanh, Dòng tiền, Ô tô"
1,6,Đê La Thành,1,11.5,11500.0,53.0,1,4.4,2,1,2,"Ô tô, Mặt phố, Kinh doanh"
1,6,Tây,1,3.68,3680.0,22.0,1,3.1,4,1,4,Ngõ
1,6,Vĩnh Hồ,1,4.85,4850.0,29.0,1,3.0,3,2,3,Ngõ
1,6,Hoàng Cầu,1,15.3,15300.0,54.0,1,5.0,3,4,4,"Ô tô, Kinh doanh, Ngõ"
1,6,Tiến Bộ - Khâm Thiên,1,6.2,6200.0,42.0,1,5.4,7,7,5,"Dòng tiền, Ngõ"
1,6,Đường Láng,1,6.6,6600.0,26.0,1,5.6,3,3,5,"Mặt phố, Ô tô, Kinh doanh"
1,6,Thổ Quan,1,7.8,7800.0,47.0,1,6.5,4,4,5,Ngõ
1,6,Pháo Đài Láng,1,8.8,8800.0,39.0,1,3.7,8,5,6,Dòng tiền
1,6,Văn Chương 2,1,8.7,8700.0,45.0,1,3.7,6,4,4,"Kinh doanh, Ngõ"
1,6,Pháo đài Láng,1,6.9,6900.0,35.0,1,3.9,6,4,5,Kinh doanh
1,6,Pháo Đài Láng,1,6.8,6800.0,35.0,1,4.8,5,4,5,Kinh doanh
1,6,Đường Láng,1,7.2,7200.0,59.0,1,3.3,6,2,4,Ngõ
1,6,Văn Chương,1,4.1,4100.0,35.0,1,4.0,3,3,4,Ngõ
1,6,Đặng Tiến Đông,1,20.1,20100.0,73.0,1,4.3,5,4,5,"Kinh doanh, Ô tô"
1,6,Hồ Văn Chương,1,24.0,24000.0,63.0,1,4.9,7,3,5,"Ô tô, Kinh doanh, Dòng tiền, Ngõ"
1,6,Yên Lãng,1,27.0,27000.0,65.0,1,3.5,4,3,4,"Ô tô, Mặt phố, Kinh doanh"
1,6,Đường Láng,1,9.5,9500.0,66.0,1,3.5,4,4,5,"Kinh doanh, Ngõ"
1,6,Đê La Thành,1,4.8,4800.0,22.0,1,4.2,4,1,5,"Ô tô, Kinh doanh, Ngõ"
1,6,Tam Khương,1,17.55,17550.0,84.0,1,4.6,4,5,4,"Ô tô, Kinh doanh"
1,6,Nguyễn Khuyến,1,55.0,55000.0,193.0,1,6.3,11,11,4,"Mặt phố, Kinh doanh"
1,6,Đê La Thành,1,4.3,4300.0,25.0,1,3.6,6,4,5,"Dòng tiền, Ngõ"
1,6,Chùa Láng,1,16.8,16800.0,53.0,1,3.2,9,9,4,"Ô tô, Dòng tiền, Thang máy, Ngõ"
1,6,Đông Các,1,21.5,21500.0,55.0,1,3.7,5,1,5,"Ô tô, Mặt phố, Kinh doanh"
1,6,Nguyễn Chí Thanh,1,13.5,13500.0,40.0,1,3.6,6,4,4,"Ô tô, Kinh doanh, Ngõ"
1,6,Quốc Tử Giám,1,28.0,28000.0,41.0,1,5.0,4,4,4,"Mặt phố, Kinh doanh"
1,6,Hồ Đắc Di,1,9.5,9500.0,30.0,1,6.0,3,3,4,"Ô tô, Mặt phố, Kinh doanh"
1,6,Thịnh Hào 2,1,4.45,4450.0,22.0,1,3.6,3,1,4,"Ô tô, Ngõ"
1,6,Xã Đàn,1,28.0,28000.0,110.0,1,5.7,3,3,10,"Kinh doanh, Ngõ"
1,6,Đông Tác,1,6.95,6950.0,57.0,1,3.9,12,12,8,Kinh doanh
1,6,Nguyên Hồng,1,23.2,23200.0,60.0,1,11.0,6,4,6,"Mặt phố, Ô tô, Kinh doanh, Thang máy, Dòng tiền"
1,6,Đường Láng,1,16.8,16800.0,55.0,1,4.2,6,4,5,"Ô tô, Kinh doanh, Dòng tiền, Ngõ"
1,6,Hào Nam,1,28.5,28500.0,73.0,1,4.6,3,1,3,"Ô tô, Mặt phố, Kinh doanh, Dòng tiền"
1,6,Chùa Láng,1,26.0,26000.0,56.0,1,3.2,8,8,5,"Mặt phố, Kinh doanh"
1,6,Thịnh Hào 3,1,4.2,4200.0,22.0,1,3.0,5,4,6,"Kinh doanh, Dòng tiền, Ngõ"
1,6,Trần Quý Cáp,1,18.0,18000.0,96.0,1,4.5,5,1,3,"Ô tô, Mặt phố, Kinh doanh, Dòng tiền"
1,6,Xã Đàn 2,1,8.5,8500.0,47.0,1,5.3,2,2,2,"Ô tô, Kinh doanh"
1,6,Võ Văn Dũng,1,8.15,8149.9995,21.0,1,4.0,4,4,3,"Ô tô, Kinh doanh"
1,6,Kim Hoa,1,3.75,3750.0,36.0,1,1.5,4,4,4,Ngõ
1,6,Chợ Khâm Thiên,1,7.0,7000.0,50.0,1,3.6,6,3,4,Ngõ
1,6,Phố Chợ Khâm Thiên,1,14.8,14800.0,106.0,1,4.0,10,8,6,"Ô tô, Kinh doanh"
1,6,Khâm Thiên,1,1.9,1900.0,20.0,1,3.0,2,1,2,Ngõ
1,6,Văn Hương,1,6.98,6980.0,33.0,1,4.1,5,4,5,Ngõ
1,6,Khương Thượng,1,17.5,17500.0,50.0,1,3.7,2,2,6,"Ô tô, Mặt phố, Kinh doanh"
1,6,Nguyễn Lương Bằng,1,5.4,5400.0,31.7,1,5.5,5,3,4,Ngõ
1,6,Tam Khương 21/,1,11.2,11200.0,28.0,1,6.0,5,2,5,"Mặt phố, Ô tô, Kinh doanh"
1,6,Láng,1,14.0,14000.0,50.0,1,15.0,5,3,3,"Ô tô, Kinh doanh, Ngõ"
1,6,Tây Sơn,1,4.75,4750.0,30.0,1,3.0,3,3,3,Ngõ
1,6,Thịnh Hào 3,1,7.6,7600.0,53.1,1,3.0,8,1,5,Dòng tiền
1,6,Chợ Khâm Thiên,1,8.0,8000.0,40.0,1,5.5,6,6,6,Ngõ
1,6,Lê Duẩn,1,15.5,15500.0,48.8,1,4.6,6,6,6,"Mặt phố, Thang máy, Kinh doanh, Dòng tiền, Ô tô"
1,6,Yên Lãng,1,40.0,40000.0,54.0,1,7.5,10,2,10,"Ô tô, Mặt phố, Kinh doanh, Thang máy, Dòng tiền"
1,6,Tôn Đức Thắng,1,9.5,9500.0,22.0,1,3.2,4,4,4,"Ô tô, Mặt phố, Kinh doanh"
1,6,Thái Thịnh,1,4.7,4700.0,20.0,1,3.5,5,4,5,Ngõ
1,6,+ 291 Xã Đàn,1,28.88,28880.0,40.0,1,4.1,6,6,6,"Ô tô, Mặt phố, Kinh doanh, Dòng tiền, Thang máy"
1,6,Thịnh Quang,1,4.7,4700.0,27.0,1,4.0,6,5,5,"Ô tô, Kinh doanh, Ngõ"
1,6,Nguyễn Chí Thanh,1,17.0,17000.0,60.0,1,3.6,6,6,4,"Ô tô, Kinh doanh, Dòng tiền, Ngõ"
1,6,Khương Thượng,1,7.3,7300.0,36.0,1,6.8,6,6,4,"Kinh doanh, Ngõ"
1,6,Đặng Văn Ngữ,1,8.99,8990.0,105.0,1,2.6,7,7,4,Ngõ
1,6,Khâm Thiên,1,26.0,26000.0,60.0,1,6.2,5,5,5,"Ô tô, Mặt phố, Kinh doanh, Dòng tiền"
1,6,Hào Nam,1,5.45,5450.0,22.0,1,3.1,5,3,4,"Dòng tiền, Kinh doanh, Ngõ"
1,6,Nguyễn Chí Thanh,1,17.5,17500.0,63.0,1,3.6,8,8,4,"Kinh doanh, Ô tô, Dòng tiền"
1,6,Thịnh Hào 1,1,7.8,7800.0,36.0,1,5.4,3,3,6,"Ô tô, Kinh doanh, Dòng tiền, Ngõ"
1,6,Hào Nam,1,8.7,8700.0,66.0,1,3.4,3,1,3,Ngõ
1,6,Đường Láng,1,6.6,6600.0,23.5,1,4.0,4,4,5,"Ô tô, Kinh doanh"
1,6,Trần Quý Cáp,1,10.5,10500.0,39.0,1,7.0,8,8,5,"Ô tô, Kinh doanh"
1,6,Trung Tả,1,21.5,21500.0,105.0,1,8.7,28,28,8,Ngõ
1,6,Chùa Bộc,1,24.5,24500.0,80.0,1,12.0,6,2,5,"Ô tô, Kinh doanh, Dòng tiền, Ngõ"
1,6,Nguyễn Hy Quang,1,21.5,21500.0,47.0,1,3.9,6,4,4,Ngõ
1,6,Trần Quý Cáp,1,18.0,18000.0,95.0,1,4.5,5,3,3,"Kinh doanh, Mặt phố"
1,6,Thịnh Quang,1,9.88,9880.0,51.0,1,3.8,11,11,5,Ngõ
1,6,Trường Chinh,1,7.2,7200.0,48.0,1,3.2,6,3,5,Ngõ
1,6,Xã Đàn 2,1,30.0,30000.0,97.0,1,4.2,10,10,6,"Ô tô, Kinh doanh, Dòng tiền, Thang máy"
1,6,Thịnh Quang,1,6.95,6950.0,37.0,1,3.8,6,6,5,Ngõ
1,6,Phố Vọng,1,21.0,21000.0,50.0,1,6.3,3,3,8,"Ô tô, Mặt phố, Kinh doanh, Dòng tiền"
1,6,Nguyễn Chí Thanh,1,15.8,15800.0,33.0,1,5.3,1,1,4,"Mặt phố, Ô tô, Kinh doanh, Dòng tiền"
1,6,Khâm Thiên,1,9.8,9800.0,76.0,1,3.0,5,5,5,"Mặt phố, Kinh doanh, Ô tô"
1,6,Trung Phụng,1,3.45,3450.0,19.0,1,2.2,6,4,4,Ô tô
1,6,Thái Thịnh,1,9.5,9500.0,140.0,1,3.6,1,1,1,"Ô tô, Mặt phố, Kinh doanh, Dòng tiền"
1,6,Lan Bá Khâm Thiên,1,4.2,4200.0,33.0,1,3.2,3,3,3,Ngõ
1,6,Nguyên Hồng,1,23.2,23200.0,60.0,1,11.0,6,4,6,"Ô tô, Mặt phố, Kinh doanh"
1,6,Nguyên Hồng,1,21.9,21900.0,48.8,1,3.8,6,4,5,"Kinh doanh, Ô tô, Ngõ"
1,6,Thịnh Quang,1,7.85,7850.0,45.0,1,3.7,8,8,5,Ngõ
1,6,Nguyễn Lương Bằng,1,45.0,45000.0,80.0,1,4.0,10,1,5,"Mặt phố, Kinh doanh, Dòng tiền"
1,6,Trường Chinh,1,25.5,25500.0,39.0,1,4.8,4,5,5,"Ô tô, Mặt phố, Kinh doanh, Dòng tiền"
1,6,Tây Sơn,1,4.75,4750.0,30.0,1,3.0,3,2,3,"Kinh doanh, Dòng tiền, Ngõ"
1,6,Lương Đình Của,1,17.8,17800.0,60.0,1,8.0,13,13,5,"Ô tô, Dòng tiền, Kinh doanh, Ngõ"
1,6,Đông Các,1,29.5,29500.0,80.0,1,3.7,16,16,8,"Ô tô, Mặt phố, Kinh doanh, Thang máy"
1,6,Hồ Văn Chương,1,32.0,32000.0,76.0,1,8.1,5,5,5,"Ô tô, Kinh doanh, Mặt phố"
1,6,Trần Quý Cáp,1,10.5,10500.0,54.0,1,4.5,4,4,4,"Ô tô, Ngõ"
1,6,Đường Láng,1,14.8,14800.0,74.0,1,7.1,4,4,5,"Ô tô, Mặt phố, Kinh doanh"
1,6,Tây Sơn,1,17.0,17000.0,108.0,1,2.1,8,8,3,"Ô tô, Mặt phố, Kinh doanh"
1,6,Láng,1,33.0,33000.0,110.0,1,6.9,26,26,7,"Ô tô, Kinh doanh, Ngõ"
1,6,Tôn Đức Thắng,1,15.6,15600.0,40.0,1,4.6,6,5,8,"Ô tô, Kinh doanh, Thang máy, Ngõ"
1,6,Trung Tiền,1,18.0,18000.0,49.0,1,13.0,7,7,5,Ô tô
1,6,La Thành,1,5.9,5900.0,40.0,1,3.7,7,4,4,Ngõ
1,6,An Trạch 2,1,4.9,4900.0,45.0,1,3.5,3,3,3,Ngõ
1,6,TT Kim Liên,1,3.6,3600.0,51.0,1,3.0,3,1,2,Ngõ
1,6,Tôn Đức Thắng,1,35.0,35000.0,105.0,1,3.8,2,2,7,"Ô tô, Mặt phố, Kinh doanh"
1,6,Phố chợ Khâm Thiên,1,8.7,8700.0,50.0,1,3.5,6,6,5,"Ô tô, Kinh doanh, Ngõ"
1,6,Chợ Khâm Thiên,1,5.5,5500.0,34.0,1,3.6,5,4,4,Ngõ
1,6,Hào Nam,1,21.5,21500.0,90.0,1,15.0,9,6,4,"Ô tô, Kinh doanh, Ngõ"
1,6,Trường Chinh,1,10.4,10400.0,35.0,1,3.0,3,2,4,Ngõ
1,6,Trường Chinh,1,16.8,16800.0,128.0,1,4.0,6,4,3,"Ô tô, Kinh doanh, Ngõ"
1,6,Lương Đình Của,1,4.75,4750.0,31.0,1,5.2,6,6,5,Ngõ
1,6,Nguyễn Chí Thanh,1,25.0,25000.0,57.0,1,9.6,3,3,4,"Ô tô, Mặt phố, Kinh doanh"
1,6,Hồ Đắc Di,1,13.5,13500.0,44.0,1,19.0,6,6,4,"Mặt phố, Kinh doanh"
1,6,Vũ Thạnh,1,7.5,7500.0,33.0,1,7.0,3,1,3,"Ô tô, Kinh doanh, Ngõ"
1,6,Trịnh Hoài Đức,1,7.5,7500.0,64.0,1,4.0,5,5,3,Mặt phố
1,6,Đê La Thành,1,6.3,6300.0,50.0,1,5.0,4,3,4,Ngõ
1,6,Toàn Thắng,1,5.25,5250.0,28.0,1,3.2,1,1,4,Ngõ
1,6,Phương Mai,1,6.3,6300.0,30.0,1,3.3,4,2,4,Ngõ
1,6,"P204 Văn Hương,Tôn Đức Thắng",1,1.6,1600.0,11.0,1,3.0,2,1,3,Ngõ
1,6,Thái Hà,1,11.0,11000.0,40.0,1,3.7,2,2,4,Ngõ
1,6,Văn Chương 2,1,8.5,8500.0,43.0,1,4.5,6,6,6,Ngõ
1,6,Lệnh Cư,1,4.6,4600.0,50.0,1,2.1,6,4,5,"Dòng tiền, Ngõ"
1,6,Hồ Đắc Di,1,8.0,8000.0,39.0,1,5.3,7,2,6,Ngõ
1,6,Chùa Bộc,1,4.9,4900.0,20.0,1,3.0,4,2,6,Ngõ
1,6,Thái Hà,1,10.0,10000.0,39.0,1,5.2,5,3,6,"Thang máy, Ngõ"
1,6,"B,C,D Thái Hà",1,9.7,9700.0,40.0,1,5.2,5,3,6,"Thang máy, Ngõ"
1,6,Vũ Ngọc Phan,1,6.5,6500.0,38.8,1,5.5,8,4,5,"Kinh doanh, Mặt phố, Dòng tiền"
1,6,Tôn Đức Thắng,1,25.0,25000.0,46.9,1,16.0,6,3,5,"Mặt phố, Ô tô, Kinh doanh"
1,6,Xã Đàn,1,8.38,8380.0,30.0,1,4.3,3,1,5,Ngõ
1,6,An Trạch 1,1,5.8,5800.0,27.0,1,3.2,5,2,5,Ngõ
1,6,Thái Thịnh,1,9.7,9700.0,83.0,1,6.1,11,4,4,Ngõ
1,6,Trường Chinh,1,28.0,28000.0,79.0,1,4.7,19,8,9,"Dòng tiền, Thang máy, Kinh doanh, Ô tô, Mặt phố"
1,6,Toàn Thắng,1,7.3,7300.0,41.0,1,3.4,6,4,3,Ngõ
1,6,Tây Sơn,1,12.5,12500.0,62.0,1,3.5,6,2,4,"Ô tô, Kinh doanh, Dòng tiền"
1,6,P.107 Láng Hạ,1,7.825,7825.0,93.84,1,6.8,4,2,1,"Kinh doanh, Dòng tiền, Ô tô, Mặt phố"
1,6,Yên Lãng,1,30.0,30000.0,83.0,1,6.0,8,3,4,"Kinh doanh, Mặt phố, Dòng tiền, Thang máy, Ô tô"
1,6,Quốc Tử Giám,1,2.15,2150.0,13.0,1,3.2,2,2,2,"Dòng tiền, Ngõ"
1,6,Láng,1,13.3,13300.0,54.0,1,4.4,5,1,5,"Ô tô, Kinh doanh, Ngõ"
1,6,Láng Trung,1,15.5,15500.0,65.0,1,5.0,10,6,6,Ngõ
1,6,Trần Quang Diệu,1,21.5,21500.0,40.0,1,3.4,4,2,4,"Mặt phố, Kinh doanh, Ô tô"
1,6,Lương Đình Của,1,8.1,8100.0005,38.0,1,2.4,4,2,4,"Mặt phố, Kinh doanh"
1,6,Khâm Thiên,1,25.5,25500.0,62.0,1,3.7,6,2,4,"Mặt phố, Kinh doanh, Dòng tiền, Ô tô"
1,6,Xã Đàn 2,1,19.0,19000.0,60.0,1,3.1,2,1,5,"Ô tô, Mặt phố, Kinh doanh"
1,6,Tôn Đức Thắng,1,5.35,5350.0,39.0,1,5.6,7,3,3,Ngõ
1,6,Phương Mai,1,28.5,28500.0,88.0,1,5.8,10,4,5,"Mặt phố, Dòng tiền, Kinh doanh"
1,6,Tôn Đức Thắng,1,4.55,4550.0,25.0,1,3.7,2,2,2,Ngõ
1,6,Tây Sơn,1,9.0,9000.0,62.0,1,3.0,6,5,5,"Dòng tiền, Kinh doanh, Ô tô, Ngõ"
1,6,Thái Hà,1,25.0,25000.0,78.0,1,5.0,7,2,5,"Ô tô, Kinh doanh, Ngõ"
1,6,Thịnh Hào 1,1,8.2,8200.0,51.0,1,4.5,3,2,3,Ngõ
1,6,Xã Đàn,1,13.0,13000.0,66.2,1,4.3,6,6,4,Ngõ
1,6,Tây Sơn,1,2.2,2200.0,10.0,1,3.6,4,2,6,Ngõ
1,6,Khâm Thiên,1,8.95,8950.0,35.0,1,3.0,5,3,5,"Ô tô, Mặt phố, Kinh doanh"
1,6,Tây Sơn,1,15.0,15000.0,56.0,1,4.1,2,1,4,"Kinh doanh, Ô tô, Ngõ"
1,6,Phương Mai ( 41.68.16 Đông Tác),1,30.0,30000.0,100.0,1,6.1,5,5,3,"Ô tô, Kinh doanh, Ngõ"
1,6,Đường Láng,1,5.5,5500.0,31.0,1,1.9,4,5,5,"Mặt phố, Kinh doanh, Dòng tiền"
1,6,Đường Láng,1,5.5,5500.0,55.0,1,5.5,2,2,2,Mặt phố
1,6,Pháo Đài Láng,1,16.5,16500.0,50.0,1,6.2,7,4,6,Ngõ
1,6,Thái Thịnh,1,8.85,8850.0,55.0,1,3.5,7,4,5,"Kinh doanh, Ô tô, Ngõ"
1,6,Linh Quang,1,9.9,9900.0,83.0,1,10.0,3,1,1,"Dòng tiền, Ngõ"
1,6,Xã Đàn,1,12.8,12800.0,75.0,1,4.5,12,1,5,Ngõ
1,6,Thổ Quan,1,7.15,7150.0,57.0,1,7.0,5,4,4,Ngõ
1,6,Nguyễn Lương Bằng,1,5.65,5650.0,38.0,1,5.0,5,3,4,Ngõ
1,6,Quan Thổ 1 ( TT in Ngân Hàng),1,6.8,6800.0,41.0,1,4.2,6,4,3,Ngõ
1,6,Chợ Khâm Thiên,1,9.3,9300.0,63.0,1,3.5,8,1,5,Ngõ
1,6,Văn Chương,1,17.0,17000.0,102.0,1,3.62,10,10,6,"Ô tô, Dòng tiền, Thang máy"
1,6,Thịnh Hào 1,1,14.0,14000.0,104.0,1,4.3,7,7,4,"Kinh doanh, Ngõ"
1,6,Tây Sơn,1,11.5,11500.0,30.0,1,3.4,4,4,6,"Dòng tiền, Ô tô, Mặt phố, Kinh doanh"
1,6,Đường Láng,1,9.5,9500.0,40.3,1,3.8,2,1,4,"Ô tô, Kinh doanh"
1,6,TT Văn Chương 2,1,3.6,3600.0,30.0,1,6.0,3,3,3,Ngõ
1,6,Tây Sơn,1,25.0,25000.0,85.0,1,6.0,24,24,8,"Dòng tiền, Ngõ"
1,6,Giảng Võ,1,5.0,5000.0,30.0,1,3.5,4,4,6,"Kinh doanh, Ngõ"
1,6,Chùa Láng,1,12.9,12900.0,50.0,1,7.0,4,3,5,"Ô tô, Kinh doanh, Dòng tiền"
1,6,Khương Thượng,1,12.95,12950.0,65.0,1,4.1,4,4,4,Ngõ
1,6,Hào Nam,1,20.3,20300.0,110.0,1,0.0,19,19,20,Dòng tiền
1,6,Hồ Đắc Di,1,14.3,14300.0,36.0,1,3.0,4,5,5,"Ô tô, Mặt phố, Kinh doanh"
1,6,Khâm Thiên,1,66.0,66000.0,340.0,1,6.2,3,1,4,"Ô tô, Mặt phố, Kinh doanh, Dòng tiền"
1,6,Hoàng Cầu,1,7.9,7900.0,44.0,1,3.8,5,4,5,Ngõ
1,6,Đê La Thành nhỏ,1,7.8,7800.0,30.0,1,3.2,7,7,7,"Ô tô, Mặt phố, Kinh doanh"
1,6,Láng,1,9.95,9950.0,64.0,1,4.4,4,2,4,"Ô tô, Kinh doanh, Ngõ"
1,6,Thái Thịnh 1,1,5.6,5600.0,40.0,1,3.5,2,2,2,Ngõ
1,6,Thái Thịnh 1,1,13.5,13500.0,36.0,1,3.4,5,1,5,Ngõ
1,6,Trung Liệt,1,18.0,18000.0,52.0,1,3.3,8,6,5,"Mặt phố, Ô tô"
1,6,Trần Quý Cáp,1,9.5,9500.0,43.0,1,4.0,7,7,5,"Mặt phố, Ô tô, Kinh doanh, Dòng tiền"
1,6,Cát Linh,1,8.5,8500.0,40.0,1,2.7,5,5,5,"Ô tô, Mặt phố, Kinh doanh"
1,6,Cát Linh,1,6.5,6500.0,56.0,1,3.1,6,4,4,Ngõ
1,6,Hoàng Cầu,1,14.7,14700.0,49.5,1,3.8,2,1,4,"Ô tô, Kinh doanh, Ngõ"
1,6,Chiến,1,2.5,2500.0,12.0,1,3.5,2,3,12,Mặt phố
1,6,Trần Hữu Tước,1,23.5,23500.0,62.0,1,4.2,10,10,7,"Ô tô, Mặt phố, Kinh doanh"
1,6,Thịnh Quang,1,8.9,8900.0,38.0,1,5.6,5,2,6,Ngõ
1,6,Đường Láng,1,33.0,33000.0,106.0,1,4.4,7,7,5,"Ô tô, Mặt phố, Kinh doanh, Dòng tiền"
1,6,phạm Ngọc Thạch,1,29.5,29500.0,88.0,1,3.7,8,8,5,"Ô tô, Mặt phố, Kinh doanh"
1,6,Linh Quang,1,5.5,5500.0,37.0,1,4.2,3,3,3,Ngõ
1,6,Nguyễn Lương Bằng,1,4.65,4650.0,50.0,1,3.8,4,2,2,Ngõ
1,6,Hào Nam,1,7.8,7800.0,42.0,1,4.2,6,4,5,"Kinh doanh, Ngõ"
1,6,Thịnh,1,14.0,14000.0,62.0,1,3.42,7,1,5,"Ô tô, Kinh doanh, Ngõ"
1,6,Chợ Khâm Thiên,1,8.8,8800.0,52.0,1,4.1,6,4,5,"Ô tô, Mặt phố, Kinh doanh"
1,6,Hào Nam,1,120.0,120000.0,94.0,1,7.5,4,4,5,"Ô tô, Mặt phố, Kinh doanh, Dòng tiền"
